图片名,人脸数,状态,状态_cleaned
000029.jpg,1,失败,失败
000043.jpg,1,失败,失败
000042.jpg,1,失败,失败
000044.jpg,1,失败,失败
000045.jpg,1,失败,失败
000047.jpg,1,失败,失败
000049.jpg,1,失败,失败
000046.jpg,1,失败,失败
000110.jpg,1,失败,失败
000185.jpg,1,失败,失败
000186.jpg,1,失败,失败
000187.jpg,1,失败,失败
000188.jpg,1,失败,失败
000189.jpg,1,失败,失败
000190.jpg,1,失败,失败
000191.jpg,1,失败,失败
000192.jpg,1,失败,失败
000193.jpg,1,失败,失败
000194.jpg,1,失败,失败
000195.jpg,1,失败,失败
000197.jpg,1,失败,失败
000196.jpg,1,失败,失败
000198.jpg,1,失败,失败
000199.jpg,0,失败,失败
000200.jpg,1,失败,失败
000201.jpg,1,失败,失败
000202.jpg,1,失败,失败
000203.jpg,1,失败,失败
000205.jpg,1,失败,失败
000204.jpg,1,失败,失败
000206.jpg,1,失败,失败
000207.jpg,1,失败,失败
000208.jpg,1,失败,失败
000209.jpg,1,失败,失败
000210.jpg,1,失败,失败
000211.jpg,1,失败,失败
000212.jpg,1,失败,失败
000213.jpg,1,失败,失败
000214.jpg,1,失败,失败
000215.jpg,1,失败,失败
000216.jpg,1,失败,失败
000217.jpg,1,失败,失败
000218.jpg,1,失败,失败
000219.jpg,1,失败,失败
000220.jpg,1,失败,失败
000221.jpg,1,失败,失败
000222.jpg,1,失败,失败
000223.jpg,1,失败,失败
000224.jpg,1,失败,失败
000225.jpg,1,失败,失败
000226.jpg,1,失败,失败
000227.jpg,1,失败,失败
000228.jpg,1,失败,失败
000229.jpg,1,失败,失败
000230.jpg,1,失败,失败
000231.jpg,1,失败,失败
000232.jpg,1,失败,失败
000233.jpg,1,失败,失败
000234.jpg,1,失败,失败
000235.jpg,1,失败,失败
000236.jpg,1,失败,失败
000237.jpg,1,失败,失败
000238.jpg,1,失败,失败
005576.jpg,1,失败,失败
005577.jpg,1,失败,失败
005578.jpg,1,失败,失败
005580.jpg,1,失败,失败
005579.jpg,1,失败,失败
005581.jpg,1,失败,失败
005582.jpg,1,失败,失败
005583.jpg,1,失败,失败
005584.jpg,1,失败,失败
005585.jpg,1,失败,失败
005586.jpg,1,失败,失败
005587.jpg,1,失败,失败
005589.jpg,1,失败,失败
005588.jpg,1,失败,失败
005591.jpg,1,失败,失败
005590.jpg,1,失败,失败
005592.jpg,1,失败,失败
005593.jpg,1,失败,失败
005594.jpg,1,失败,失败
005595.jpg,1,失败,失败
005596.jpg,1,失败,失败
005597.jpg,1,失败,失败
005598.jpg,1,失败,失败
007564.jpg,1,失败,失败
007565.jpg,1,失败,失败
007566.jpg,1,失败,失败
007567.jpg,1,失败,失败
007568.jpg,1,失败,失败
007569.jpg,1,失败,失败
007570.jpg,1,失败,失败
007571.jpg,1,失败,失败
007572.jpg,1,失败,失败
007573.jpg,1,失败,失败
007574.jpg,1,失败,失败
007576.jpg,1,失败,失败
007577.jpg,1,失败,失败
007575.jpg,1,失败,失败
007579.jpg,1,失败,失败
007578.jpg,1,失败,失败
007580.jpg,1,失败,失败
007581.jpg,1,失败,失败
007582.jpg,1,失败,失败
007584.jpg,1,失败,失败
007583.jpg,1,失败,失败
007585.jpg,1,失败,失败
007587.jpg,1,失败,失败
007586.jpg,1,失败,失败
007588.jpg,1,失败,失败
007589.jpg,1,失败,失败
007590.jpg,1,失败,失败
011193.jpg,1,失败,失败
011192.jpg,1,失败,失败
011195.jpg,1,失败,失败
011194.jpg,1,失败,失败
011197.jpg,1,失败,失败
011196.jpg,1,失败,失败
011198.jpg,1,失败,失败
011199.jpg,1,失败,失败
011200.jpg,1,失败,失败
011201.jpg,1,失败,失败
011202.jpg,1,失败,失败
011203.jpg,1,失败,失败
011205.jpg,1,失败,失败
011204.jpg,1,失败,失败
011206.jpg,1,失败,失败
011207.jpg,1,失败,失败
011208.jpg,1,失败,失败
011209.jpg,1,失败,失败
011210.jpg,1,失败,失败
011211.jpg,1,失败,失败
011212.jpg,1,失败,失败
011213.jpg,1,失败,失败
011214.jpg,1,失败,失败
011215.jpg,1,失败,失败
011216.jpg,1,失败,失败
011217.jpg,1,失败,失败
011219.jpg,1,失败,失败
011218.jpg,1,失败,失败
011220.jpg,1,失败,失败
011221.jpg,1,失败,失败
011222.jpg,1,失败,失败
011223.jpg,1,失败,失败
011224.jpg,1,失败,失败
011225.jpg,1,失败,失败
011226.jpg,1,失败,失败
011227.jpg,1,失败,失败
011228.jpg,1,失败,失败
011229.jpg,1,失败,失败
011279.jpg,1,失败,失败
011280.jpg,1,失败,失败
011281.jpg,1,失败,失败
011282.jpg,1,失败,失败
011283.jpg,1,失败,失败
011285.jpg,1,失败,失败
011284.jpg,1,失败,失败
011286.jpg,1,失败,失败
011287.jpg,1,失败,失败
011288.jpg,1,失败,失败
011289.jpg,1,失败,失败
011290.jpg,1,失败,失败
011291.jpg,1,失败,失败
011293.jpg,1,失败,失败
011292.jpg,1,失败,失败
011294.jpg,1,失败,失败
011295.jpg,1,失败,失败
011296.jpg,1,失败,失败
011297.jpg,1,失败,失败
011298.jpg,1,失败,失败
011299.jpg,1,失败,失败
011300.jpg,1,失败,失败
011301.jpg,1,失败,失败
011302.jpg,1,失败,失败
011304.jpg,1,失败,失败
011866.jpg,1,失败,失败
011864.jpg,1,失败,失败
011867.jpg,1,失败,失败
011870.jpg,1,失败,失败
011868.jpg,1,失败,失败
011869.jpg,1,失败,失败
011872.jpg,1,失败,失败
011871.jpg,1,失败,失败
011873.jpg,1,失败,失败
011874.jpg,1,失败,失败
011875.jpg,1,失败,失败
011876.jpg,1,失败,失败
011877.jpg,1,失败,失败
011878.jpg,1,失败,失败
011879.jpg,1,失败,失败
011880.jpg,1,失败,失败
011882.jpg,1,失败,失败
011881.jpg,1,失败,失败
011883.jpg,1,失败,失败
011886.jpg,1,失败,失败
011884.jpg,1,失败,失败
011885.jpg,1,失败,失败
011887.jpg,1,失败,失败
011889.jpg,1,失败,失败
011888.jpg,1,失败,失败
011890.jpg,1,失败,失败
011891.jpg,1,失败,失败
011893.jpg,1,失败,失败
011892.jpg,1,失败,失败
011894.jpg,1,失败,失败
012503.jpg,1,失败,失败
012504.jpg,1,失败,失败
012506.jpg,1,失败,失败
012505.jpg,1,失败,失败
012507.jpg,1,失败,失败
012508.jpg,1,失败,失败
012510.jpg,1,失败,失败
012509.jpg,1,失败,失败
012511.jpg,1,失败,失败
012512.jpg,1,失败,失败
012515.jpg,1,失败,失败
012513.jpg,1,失败,失败
012516.jpg,1,失败,失败
012514.jpg,1,失败,失败
012517.jpg,1,失败,失败
012518.jpg,1,失败,失败
012519.jpg,1,失败,失败
012520.jpg,1,失败,失败
012522.jpg,1,失败,失败
012521.jpg,1,失败,失败
012524.jpg,1,失败,失败
012523.jpg,1,失败,失败
012525.jpg,1,失败,失败
012527.jpg,1,失败,失败
012526.jpg,1,失败,失败
012528.jpg,1,失败,失败
012529.jpg,1,失败,失败
012530.jpg,1,失败,失败
012531.jpg,1,失败,失败
012533.jpg,2,失败,失败
012532.jpg,1,失败,失败
012535.jpg,1,失败,失败
012534.jpg,1,失败,失败
012536.jpg,1,失败,失败
012537.jpg,1,失败,失败
012539.jpg,1,失败,失败
012538.jpg,1,失败,失败
012880.jpg,1,失败,失败
012881.jpg,1,失败,失败
012882.jpg,1,失败,失败
012883.jpg,1,失败,失败
012884.jpg,1,失败,失败
012885.jpg,1,失败,失败
012886.jpg,1,失败,失败
012888.jpg,1,失败,失败
012887.jpg,1,失败,失败
012889.jpg,1,失败,失败
012890.jpg,1,失败,失败
012891.jpg,1,失败,失败
012892.jpg,1,失败,失败
012893.jpg,1,失败,失败
012894.jpg,1,失败,失败
012896.jpg,1,失败,失败
012897.jpg,1,失败,失败
012895.jpg,1,失败,失败
012898.jpg,1,失败,失败
012899.jpg,1,失败,失败
012900.jpg,1,失败,失败
012901.jpg,1,失败,失败
012902.jpg,1,失败,失败
012903.jpg,1,失败,失败
012905.jpg,1,失败,失败
012904.jpg,1,失败,失败
012906.jpg,1,失败,失败
012907.jpg,1,失败,失败
012908.jpg,1,失败,失败
012909.jpg,1,失败,失败
012910.jpg,1,失败,失败
012911.jpg,1,失败,失败
012913.jpg,1,失败,失败
012912.jpg,1,失败,失败
012914.jpg,1,失败,失败
012915.jpg,1,失败,失败
012916.jpg,1,失败,失败
016625.jpg,1,失败,失败
016626.jpg,1,失败,失败
016627.jpg,1,失败,失败
016628.jpg,1,失败,失败
016629.jpg,1,失败,失败
016631.jpg,1,失败,失败
016632.jpg,1,失败,失败
016633.jpg,1,失败,失败
016630.jpg,1,失败,失败
016634.jpg,1,失败,失败
016635.jpg,1,失败,失败
016636.jpg,1,失败,失败
016637.jpg,1,失败,失败
016638.jpg,1,失败,失败
016641.jpg,1,失败,失败
016639.jpg,1,失败,失败
016643.jpg,1,失败,失败
016642.jpg,1,失败,失败
016640.jpg,1,失败,失败
016644.jpg,1,失败,失败
016645.jpg,1,失败,失败
016646.jpg,1,失败,失败
016647.jpg,1,失败,失败
016648.jpg,1,失败,失败
016649.jpg,1,失败,失败
016650.jpg,1,失败,失败
016651.jpg,1,失败,失败
016652.jpg,1,失败,失败
016653.jpg,1,失败,失败
016654.jpg,1,失败,失败
016655.jpg,1,失败,失败
016656.jpg,1,失败,失败
016657.jpg,1,失败,失败
016658.jpg,1,失败,失败
016659.jpg,1,失败,失败
016660.jpg,1,失败,失败
018265.jpg,1,失败,失败
018266.jpg,1,失败,失败
018267.jpg,1,失败,失败
018268.jpg,1,失败,失败
018270.jpg,1,失败,失败
018269.jpg,1,失败,失败
018271.jpg,1,失败,失败
018272.jpg,1,失败,失败
018273.jpg,1,失败,失败
018274.jpg,1,失败,失败
018275.jpg,1,失败,失败
018276.jpg,1,失败,失败
018277.jpg,1,失败,失败
018278.jpg,1,失败,失败
018280.jpg,1,失败,失败
018279.jpg,1,失败,失败
018281.jpg,1,失败,失败
018282.jpg,1,失败,失败
018283.jpg,1,失败,失败
018284.jpg,1,失败,失败
018285.jpg,1,失败,失败
018286.jpg,1,失败,失败
018287.jpg,1,失败,失败
018288.jpg,1,失败,失败
018289.jpg,1,失败,失败
018290.jpg,1,失败,失败
018291.jpg,1,失败,失败
018292.jpg,1,失败,失败
018730.jpg,1,失败,失败
018731.jpg,1,失败,失败
018732.jpg,1,失败,失败
018733.jpg,1,失败,失败
018735.jpg,1,失败,失败
018734.jpg,1,失败,失败
018737.jpg,1,失败,失败
018736.jpg,1,失败,失败
018738.jpg,1,失败,失败
018739.jpg,1,失败,失败
018740.jpg,1,失败,失败
018743.jpg,1,失败,失败
018742.jpg,1,失败,失败
018741.jpg,1,失败,失败
018745.jpg,1,失败,失败
018744.jpg,1,失败,失败
018746.jpg,1,失败,失败
018747.jpg,1,失败,失败
018748.jpg,1,失败,失败
018749.jpg,1,失败,失败
018750.jpg,1,失败,失败
018751.jpg,1,失败,失败
018753.jpg,1,失败,失败
018752.jpg,1,失败,失败
018754.jpg,1,失败,失败
018755.jpg,1,失败,失败
018756.jpg,1,失败,失败
018757.jpg,1,失败,失败
018758.jpg,1,失败,失败
018759.jpg,1,失败,失败
018760.jpg,1,失败,失败
018761.jpg,1,失败,失败
019377.jpg,1,失败,失败
019378.jpg,1,失败,失败
019379.jpg,1,失败,失败
019380.jpg,1,失败,失败
019381.jpg,1,失败,失败
019382.jpg,1,失败,失败
019383.jpg,1,失败,失败
019384.jpg,1,失败,失败
019385.jpg,1,失败,失败
019386.jpg,1,失败,失败
019388.jpg,1,失败,失败
019387.jpg,1,失败,失败
019389.jpg,1,失败,失败
019391.jpg,1,失败,失败
019390.jpg,1,失败,失败
019392.jpg,1,失败,失败
019393.jpg,1,失败,失败
019394.jpg,1,失败,失败
019396.jpg,1,失败,失败
019395.jpg,1,失败,失败
019397.jpg,1,失败,失败
019398.jpg,1,失败,失败
019399.jpg,1,失败,失败
019400.jpg,1,失败,失败
019401.jpg,1,失败,失败
019402.jpg,1,失败,失败
019403.jpg,1,失败,失败
019759.jpg,1,失败,失败
019760.jpg,1,失败,失败
019761.jpg,1,失败,失败
019762.jpg,1,失败,失败
019763.jpg,1,失败,失败
019764.jpg,1,失败,失败
019765.jpg,1,失败,失败
019766.jpg,1,失败,失败
019767.jpg,1,失败,失败
019768.jpg,1,失败,失败
019769.jpg,1,失败,失败
019770.jpg,1,失败,失败
019771.jpg,1,失败,失败
019772.jpg,1,失败,失败
019773.jpg,1,失败,失败
019774.jpg,1,失败,失败
019775.jpg,1,失败,失败
019776.jpg,1,失败,失败
019777.jpg,1,失败,失败
019778.jpg,1,失败,失败
019779.jpg,1,失败,失败
019780.jpg,1,失败,失败
019781.jpg,1,失败,失败
019783.jpg,1,失败,失败
019782.jpg,1,失败,失败
019784.jpg,1,失败,失败
